Name,Email,Phone,Credit Card,Medical Diagnosis,API Key,SSN
Christopher Knox,shelby82@hickman-young.com,+1 841-271-7930,,,,
Alicia Garrett,stevenlong@levine.com,+1 229-822-5978,,,,
Rebecca Jackson,utanner@parker-hart.com,335-164-6436,,,,
Gary Best,scottkatherine@gmail.com,+1 683-227-3592,9712745392889347,,,
Michelle Medina,pedro55@gmail.com,,,,,
Scott Dillon,vincent58@hall-williams.com,+1 851-247-4429,2407140622063096,Hypertension,,633-49-3899
Heather Diaz,kaylaevans@wu-jacobs.com,,,,,
Shelley Hurley,jacqueline07@yahoo.com,592-576-8824,,Gout,,186-50-4950
Amanda Walters,ybrown@carlson.com,311-365-2980,,,,
Jennifer Williams,ucarter@hotmail.com,,,,,
Karen Ball,rwilliams@hotmail.com,,,,,
Randall Pratt,zmerritt@shah.com,,,,,
Felicia Miller,craig31@gmail.com,+1 838-810-4768,,,,
Shannon Castro,rodriguezkara@schultz.biz,+1 882-485-3567,,,,
Taylor Kelly,kathleen95@hotmail.com,,,,,396-75-2306
Melissa Morris,myates@hotmail.com,+1 746-918-3423,4725565586912216,,,
Peter Pierce,cummingsjanet@melton.com,,,Hypothyroidism,,
Kendra Moore,vcook@mullins.com,303-287-3737,,,,
Debra Solis,melissasalinas@allen-wilkins.com,391-147-6310,,,,
Charles Mcdaniel,tmartinez@guzman.com,984-768-6654,,,,
Mrs. Robin Lee,wwest@gmail.com,940-209-3340,1077324492921548,,,
Gerald Castaneda,samantha61@hotmail.com,,,,,
Curtis Whitaker,joseph61@yahoo.com,358-608-8373,,Hypothyroidism,,
Brett Thompson,joshuagill@fleming-quinn.org,+1 985-334-3622,,,,
Kathryn Lawson,pharrington@hotmail.com,169-971-7650,,,,
Elizabeth Lamb,jenningslauren@yahoo.com,+1 645-117-5976,,,,
Ryan Sanford,langchristopher@morton.org,+1 558-892-6437,,,,
Alexandra Stone,victoriabanks@gilbert.com,148-822-6751,,,,
Dwayne Alvarez,heathercortez@burgess-hayes.info,+1 152-887-6511,,Celiac Disease,,
Elizabeth Barron,skinnerrodney@yahoo.com,533-617-5945,,,,
Jon Burke,robertsthomas@hotmail.com,+1 485-711-4760,,,,
Andrew Peterson,brianna33@bryant-cruz.com,,,,,
Jennifer Flowers,haleywilliam@scott-white.com,853-115-8217,,,,
Zachary Holt,jacob68@yahoo.com,482-543-4694,5988392693901781,,,
Susan Parker,perezterri@gmail.com,416-949-5287,,,,
John Mccormick,heidievans@gmail.com,473-533-5473,,,,
Matthew Hinton,simonkenneth@wilkins-davila.com,+1 445-217-6626,,,,
Cynthia Moore,rsummers@watson.com,+1 637-521-4052,,Migraine,,
Scott Anderson,emma64@yahoo.com,+1 531-689-2047,,,,
Robert Graves,lopeztammy@gmail.com,+1 811-721-8945,,,,
Kurt Lee,bsullivan@gmail.com,,,,,
Paula Webster,diazcarol@myers-villanueva.com,+1 364-690-2125,0642910936996843,,,
Jason Kline,johnsonkim@matthews-wood.org,,,,,
Jennifer Allen,amanda71@yahoo.com,377-420-2761,,Epilepsy,sk_live_1e84be8483824c2183940de1fb30e8cf,
Rachel Miller,andrewrice@yahoo.com,,,,,245-47-6493
Jonathan Baker,jonesjessica@holmes.com,+1 205-443-7190,7234111872373209,,,
Jesus Estes,fmclaughlin@yahoo.com,,,,,
Dr. Jessica Sanders,emilypowell@cook-hebert.com,+1 573-807-2415,7961907555511550,,,
Amy Ruiz,flucas@hotmail.com,441-238-7411,9003922471885746,,,
Elizabeth Alvarez,mckeedonna@murphy.biz,748-802-6872,,,,421-47-2283
Brittany Stafford,marysmith@scott.org,928-620-4793,,Gout,,
Corey Bonilla,angela78@smith-garcia.net,,,,,
Daniel Fowler,hhampton@osborne-morrison.biz,484-819-8790,,,,
Jorge Boone,wayne20@hayes.info,958-379-4191,,,,
Melissa Hill,zsmith@hotmail.com,,,,,
Jessica Sanchez,crystal92@norris.com,358-823-2850,,,,
Dean Walker,gordonsandra@yahoo.com,189-922-7332,,Hypertension,,261-97-8470
Kelly Holland,yanderson@foster-sherman.com,633-669-2248,3928178159343344,,,
Megan Ramirez DVM,wmaynard@gmail.com,+1 197-159-7983,,Anemia,sk_live_40a6ca8c657f4b2b87b7385fb4662808,
Amy Cruz,hugheskimberly@jackson.com,,,,,
Joel Moore,farmerpatrick@gmail.com,596-686-1115,,,,
James Wright,michellefreeman@duncan.com,+1 196-433-3531,,Hypothyroidism,,
Mr. Harry Thomas,kmathews@mercer.net,,,,,
Lee Wilson,michelle22@forbes.com,+1 946-237-2412,,,,
Jessica Brady,kristin39@hunter-roach.info,+1 515-184-2969,,,,
George Valencia,noblesabrina@yahoo.com,,,Diabetes Type 2,,
Jesse Smith,fcasey@porter-mata.com,+1 175-771-8299,,,,
Michelle Summers,ucole@coleman-peters.com,422-629-6135,,,,
David Tate,kevin84@gmail.com,814-990-6463,0170181508286791,,,
Grant Willis,sweeneyhannah@hotmail.com,,,,,
Christopher Johnson,michaelwebster@hotmail.com,+1 948-386-8220,4113196685654387,,,
Tina Guerra,smithwilliam@andrade.com,,,,,
Carl Mata,wwatson@stewart.com,226-897-6009,,,,
Mary Robinson,aarongonzalez@yahoo.com,,8907777392092390,Anemia,,279-46-0534
Victoria Turner,vickie15@white.net,931-425-9027,,,,
Chad Barker,ujones@yahoo.com,+1 171-857-1076,,,sk_live_e8f1f407b7294501b63087ae370c4bed,
Ryan Green,juliewalker@hotmail.com,+1 215-995-1174,,,,
Laura Mckinney,hallcurtis@stanton-allen.com,+1 873-697-8301,,,,
John Goodwin,bowensteven@love-woodard.com,808-470-7299,1284967287838851,,,
Ashley Odom,shawnwilson@brown.net,,,,,
Madison Sanders,sandovalanthony@harris.info,520-594-8941,,,,
Natalie Glover,mguerrero@hotmail.com,+1 214-443-9788,,Chronic Kidney Disease,,
Michael Hogan,diana55@yahoo.com,+1 787-370-1693,,,,
James White,christopherkemp@hotmail.com,,1433468502611210,,,
Jose Ford,christopherwilliamson@higgins.org,337-335-9427,9403447401977584,,,
Alisha Stanton,colemancatherine@gmail.com,+1 591-689-2917,1264822261156046,,,
Dylan Williams,yhouse@ward.biz,+1 636-767-6499,7669625854855600,,,
Alfred Fields,erin38@hotmail.com,314-945-8012,,,,
Timothy Ramirez,linda06@smith-robinson.com,727-444-1479,,,,
Anna Browning,marcuscabrera@hicks-moore.org,+1 892-977-5488,0164812393278908,,,
Heather Houston,barbara60@ward.com,155-266-4450,,,,
Joy Long,james65@gmail.com,+1 535-809-4665,,,,
Steven Ramirez,martinezeric@gmail.com,,,,,
Justin Davis,debra42@yahoo.com,,,,,
Michael Clark,angelarivera@yahoo.com,+1 498-253-4742,,,,
Mr. Dave Bowen,gstone@yahoo.com,,,,,
Rachel Baker,robinkerr@gmail.com,241-159-7743,,,,
Emily Thomas,mark39@gmail.com,111-970-7215,,Epilepsy,,
Mary Heath,faithrollins@mata.org,791-142-2019,7819972748991329,,,
Zachary Russell,turnercourtney@mcclure.com,519-297-3079,,,,
John Adams,darren79@gibson-murphy.net,,,,sk_live_6de68e98f1944032a41547dc01c261be,
Brandi Gardner,jenniferpollard@yahoo.com,+1 507-776-6191,,,,
Deanna Bass,rhonda94@hotmail.com,+1 124-464-1236,,,,222-47-1063
Sarah Whitaker,alicialloyd@yahoo.com,509-694-9836,,,,
Amy Beard,whood@gmail.com,,,,,
Michelle Ross,xolson@yahoo.com,,,,,
Amanda Wilson,breynolds@hotmail.com,+1 635-469-9327,,,,
Kyle Pham,michael37@yahoo.com,+1 641-595-6507,,Chronic Kidney Disease,,
Deborah Foster,katherinebell@yahoo.com,,,,,
Susan Robinson,charlesthomas@yahoo.com,,,,,
Victoria Ortega,allisonwright@yahoo.com,+1 597-340-3206,,,,
Samantha Figueroa,alexisstrickland@gmail.com,,,,,
Robert Howard,gcurtis@yahoo.com,+1 294-368-6645,9708316398158779,Multiple Sclerosis,,
Nicholas Petty,sreyes@gmail.com,,0981867323879734,,,
Dr. Laura Hensley MD,james91@flowers.com,319-952-1573,,,,
Angela Moore,dscott@hotmail.com,354-750-8429,,,,813-74-6557
Edward Davis,boydvictor@jones.net,+1 176-684-1671,,,,
Luis Howe,uolsen@hotmail.com,+1 841-837-8397,,,,
Amy Smith,quinnmelissa@le.com,+1 206-813-8485,,,,
Lisa Smith,davidgreen@ayala.com,844-893-3548,,,,
Jennifer Horton,montoyajudith@ali.net,246-713-9807,,,,
Cynthia Holden,mgarcia@gmail.com,629-869-3503,,,,
Janet Ramsey,adamhoffman@jones.com,+1 961-807-6332,8457779077548790,,,
Audrey Randolph,paige05@hotmail.com,+1 103-392-8605,,,,
Maria Arnold,knixon@jimenez-weaver.org,,,,,
Andrew Garcia,qhall@hotmail.com,620-602-6528,,,,
Roberto Murphy,douglas16@washington.org,,,,,
Sheila Carney,beverly64@yahoo.com,+1 746-849-7941,,,,
John Elliott,joseph93@yahoo.com,150-731-3799,,,,
Brenda Novak,ericcruz@stevens.com,736-687-1076,,,sk_live_98431138c8084c0ab8107a63d011a8ef,
Angela Sims,torresrichard@yahoo.com,+1 542-932-9170,,,,
Joanna Larson,aprilmartinez@yahoo.com,241-568-3947,,,,
Scott Stephens,wpierce@foster-vargas.com,475-566-1618,1395391985324000,,,
Andrew Johnson,bradley83@peck-love.com,,,,,
Christopher Livingston,jeffreysmith@moreno-collins.com,+1 618-112-6034,,,,
Breanna Rodriguez,daniel23@hotmail.com,815-992-4396,,,,
Andrew Young,kathryn47@martinez.net,,,,,
April Miller,yward@hotmail.com,252-768-6258,,,,
Daniel Robertson,youngcynthia@fitzgerald.com,935-287-3951,7488696167293603,Arthritis,,
Alexander Johnson,maryestrada@smith.com,,,,,
Erica Smith,mccormickfrancis@yahoo.com,734-193-6208,,,,
Denise Turner,richardsonjeffrey@gmail.com,509-327-5974,4904070358416458,Hypertension,,
Marcus Harris,sandraanderson@yahoo.com,+1 461-958-2140,,,sk_live_bc6ada7446334237b1529bfb7f2ec878,
Elizabeth Reyes,susanpena@hotmail.com,+1 619-883-6481,,Migraine,,
Andrea Hernandez,stephenlopez@hotmail.com,,,Anxiety Disorder,,
Jerry Jones,sharonjenkins@hotmail.com,+1 157-743-5267,,,,
Paul Johnson,anthonyporter@sanchez-hoover.com,594-541-8945,,,,
Marcus Gutierrez,laurahughes@hawkins.com,,,,,
John Casey,aoliver@yahoo.com,540-375-3674,,,,
John Sullivan,chelsea20@wright.org,,5855488901954020,Anemia,sk_live_f53c106cedd94247899ecdb0d4c45903,
Jenny Perez,jenniferhudson@hotmail.com,111-884-9486,,,,
Katie Pratt,charles37@skinner-lewis.com,,,,,
Kevin Sanders,estafford@howell.info,+1 691-906-3020,9291697543075310,,,
Johnny Henry,hrubio@yahoo.com,257-129-6679,,,,569-02-5240
David Lowe,deborah42@gmail.com,,,,,
Jennifer Walker,olsenjeffery@kennedy.org,,8781453885763093,,,
Todd Lewis,dlloyd@becker-silva.com,,,,,
Diane Barnes,donna57@yahoo.com,736-268-6885,,,,
Lisa Silva,rhuynh@barton.net,+1 440-937-3258,,,,
Matthew Collins,campostaylor@hotmail.com,,7576003646723688,,,
Matthew Choi,wsweeney@nguyen.biz,+1 791-523-7588,,,,
Michael Stewart,kendra32@gmail.com,+1 714-437-9496,,,,
Damon White,carlareyes@hotmail.com,+1 621-456-8101,,,,
Sophia Martin,john35@valdez.net,225-326-8120,,,,
Gary Chavez,rgardner@delgado.com,164-954-7448,,,,
Brian Bryant,lorisantos@singh.info,+1 990-707-2078,,Anxiety Disorder,,
Ashley Tucker,eric35@yahoo.com,,2480685001277606,,,
Randy Matthews,mjames@castro.com,796-414-7180,,,,
Donna Johnson,slopez@hotmail.com,826-590-6754,4967122125824798,,sk_live_1f82d1801ba649e5aecc520947cce947,
Stephen Rodriguez,mallory92@yahoo.com,+1 383-565-3181,1159528088752344,,,
Mark Rogers,johnathan47@lewis.org,357-208-6156,1425639357293574,Anxiety Disorder,,
Mario Thompson,kleinsamantha@hotmail.com,295-547-1611,,,,
Jonathan Farrell,joshuastout@gmail.com,,2920666043305984,,,
Cynthia Morales,michaelramos@weeks.com,,0695912359616729,Parkinson's Disease,,
Gabriel Taylor,jamie75@gmail.com,+1 179-619-7556,,,,
Stephen Garcia,matthewellis@yahoo.com,+1 785-245-6075,,,,
Lisa Cook,kinganthony@rowland.org,573-222-3096,,Hypothyroidism,sk_live_93bdedba8b1c4beab23d10dc458f5a1c,
Isaac Brandt,sara72@yahoo.com,465-882-6411,,,,
Angela Rivera,jonathan86@yahoo.com,+1 632-478-5188,,,,
Gary Salazar,mnelson@kim-wade.org,728-216-1813,9615721263290816,,,
Thomas Reyes,esmith@shepard.com,+1 305-506-8639,,,,
Michael Smith,larsondanielle@li.com,300-553-5229,,,,
Nancy Hernandez,simsrita@lloyd-zuniga.com,+1 449-554-9294,,,,
Michelle Hubbard,gutierrezdylan@obrien.biz,,7502283787745240,,,179-63-3932
Deborah Harris,annette88@hensley.org,344-345-4221,,,,
Adriana Thompson,brandon06@richard.com,,,,,
Melissa Miller,hannahfranco@floyd.com,+1 178-636-9575,2293631376717777,Psoriasis,,
Daniel Greene,stephanieallen@herrera.com,963-188-5502,7080115524255446,,,
Michael Watson,gwelch@walker.com,,,,,
Adrian Jackson,georgecarpenter@velasquez-holloway.com,+1 227-380-9739,,,,098-48-7044
Brittany Smith,vickihuff@lewis.com,+1 821-818-6347,,,,
Kenneth Stewart,lgraham@hotmail.com,,,,,
Patricia Holmes,marc86@warren.org,,,,,615-94-5017
Alexis Thompson,thomasjohnson@taylor-vance.com,+1 984-980-8191,,Migraine,,171-72-2051
Tammy Fernandez,emilyroach@gmail.com,+1 409-551-8250,,,,
Patrick Chavez,rogercopeland@arnold.info,+1 944-546-6365,,,,
Lindsey Rocha,langantonio@hotmail.com,,,,,
Kathleen Hamilton,morenocharles@nelson.net,,5374260136497245,,,
William Chavez,jameswong@barrera.com,+1 973-366-7640,,Coronary Artery Disease,,
Jessica Snyder,ladams@jenkins.com,461-891-6800,,,,
Courtney Fischer,pereztaylor@yahoo.com,646-848-2531,5962750026433424,Asthma,,
Robert Mckay,aboyd@crawford-ruiz.com,+1 727-160-3655,,,,
Danielle Walker,ortizmarissa@grant.com,,,,,
William Swanson,portereugene@santana.com,+1 472-504-3055,,,,
Lisa Moreno,tross@gmail.com,,5989197849085781,,,
Michael Baldwin,lewisclaudia@yahoo.com,,,COPD,,276-28-6435
Todd Scott,ruthandrews@hotmail.com,441-588-1787,,Hypothyroidism,,
John Martin,vaughngeorge@rivera.com,+1 796-456-2700,,,,
Amy Alvarez,jacksondaniel@matthews-lambert.biz,+1 101-515-7113,,,,871-16-0292
Juan Griffith,melissa86@yahoo.com,,,,,
Deborah Sampson,benjaminwhite@garcia.com,,,,,
Alfred Murphy,littlecarrie@lamb.com,+1 535-258-6389,7617480974920746,,,
Marc Kramer,snyderraymond@hotmail.com,185-830-4863,,,,
Terry Gilbert,whitney43@hotmail.com,+1 861-607-2124,3719769954162629,,,646-71-2140
Patrick Brown,audrey17@castro-contreras.org,,,Hypertension,,
Sarah Jones,victoriarosales@hotmail.com,289-412-4403,2921501906999072,,,
Gregory Wallace,daltonrobinson@yahoo.com,,7100358741884931,,,077-84-1524
Gavin Maynard,nwatson@thompson.com,,,,,
Thomas Gray,loretta88@hotmail.com,+1 491-728-1495,,,,
Lynn Martin,adamskaren@gray-deleon.com,+1 233-424-4247,,Chronic Kidney Disease,,
Kimberly Johnson,egonzalez@yahoo.com,+1 576-853-8181,,,,
Valerie Evans,zmartinez@yahoo.com,+1 894-576-1173,,Migraine,,
Jaime Ross,thompsontracy@hotmail.com,,,,,
Joseph Chen,balvarez@hotmail.com,144-461-6536,,,,
Zachary Williamson,jill38@brown-chapman.com,+1 735-521-4399,,,,
Kim Morgan,veronica19@rivera.info,+1 605-788-4572,,,,
Patricia Rose,johnsontammy@mcclain.com,+1 606-610-2330,,Parkinson's Disease,,
Emily Pacheco,beckmelissa@hotmail.com,738-442-8908,,,,
Ryan Lewis,sherrypacheco@gmail.com,+1 531-319-3896,,,,
Jesus Nelson,dnicholson@hotmail.com,+1 970-820-5383,,,,
Thomas Walter,johnandrade@gmail.com,+1 217-593-8888,,,,
Katelyn Richmond,colemanjames@chavez.biz,929-973-7921,7765173178285901,,,
Kenneth Brennan,harperjustin@hotmail.com,954-163-2151,,,,
Brian Alvarez,jamessutton@yahoo.com,+1 171-762-2693,8092200762995856,,,
Luis Lucas,cthompson@yahoo.com,+1 919-701-3432,,Epilepsy,sk_live_1fb25129cc4e4aa981bc9dd53142f247,
Brittany Smith,asullivan@yahoo.com,231-843-2715,4472881690308617,,,
Bradley Juarez,charlesbennett@hill.info,449-868-1308,2594725482857258,,,292-31-4083
James Mcpherson DVM,robertsjames@hotmail.com,+1 233-113-9874,0592749080535614,,,
Mr. Joseph White DDS,andrewsimmons@yahoo.com,+1 439-921-6744,1847074114641253,,,
Tina Garcia,stephen66@johnson-kaiser.com,+1 445-888-1213,,,,
Aaron Swanson,fdavies@johnson.net,,,Depression,,
Joyce Murphy,linda51@gmail.com,+1 135-861-5578,1257724523260570,,,
Ryan Stokes,dreynolds@yahoo.com,,,Migraine,,
Lauren Lopez,nancy97@rhodes.info,+1 339-755-1411,,,,
John Stephens,sarahfowler@richardson-moore.com,,,,,
James Medina,michelle75@gmail.com,,,,,
Teresa Caldwell,lucas42@yahoo.com,,,,,
Debbie Horne,anitahughes@anderson-scott.com,+1 639-732-1403,,,,
Rachel Johnson,cwood@jackson.com,,,,,
Michelle Carter,smithjennifer@baker.com,+1 703-871-1559,,,,200-47-0646
Gregory Gomez,vjohnson@lawrence.org,+1 846-984-1015,4362199086274982,Depression,,469-21-5625
Mark Hardy,kathleenblack@ruiz.com,+1 595-883-3592,,,,
Kevin Jacobson,cunninghamlaurie@montes.com,316-768-2949,8146898147477459,,,
Timothy Morgan,leslie09@hartman-higgins.com,,,,,
Charles Zamora,sandersjoseph@gmail.com,602-685-6799,,,,
Richard Hayes,daniel45@hotmail.com,169-964-3205,,,,
Elaine Moore,charles63@thomas.com,,,,,
Brandon Best,bwatson@yahoo.com,+1 243-239-2937,,Multiple Sclerosis,,
Kelly Carey,mendozatimothy@dudley.com,,,,,221-95-3068
Ethan Garcia,maryrichards@gmail.com,,,,,
James Reyes III,troy61@johnson.com,600-925-6831,,,,231-09-0067
Victoria Smith,denisehowell@cooper.net,845-430-6945,7938004532316627,,,
Samantha Gonzalez,kylefrye@yahoo.com,,4081447976549585,,,
Kristina Gardner,teresayoung@graves.com,798-669-1208,,,,
John Davis,zturner@freeman-hart.com,793-655-9036,,,,
Felicia Crosby,vbenjamin@fox.com,+1 240-127-5114,,,,097-67-4462
Joshua Salinas,uthornton@hotmail.com,,,,sk_live_ad8a7592131d46beb6f59cac307210a4,
Brett Lynch,huntpatrick@hotmail.com,,1070783921133027,,,
Curtis Hahn,edwardsamy@moss.com,+1 282-631-3846,7302098401029440,,,
Gary Ward,jonesmelissa@dorsey.com,,,Arthritis,,
Clayton Ingram,hayesjessica@yahoo.com,,3892854763876865,,,
Joshua Willis,priceangela@taylor.com,+1 143-652-5528,,,,
Renee Jackson,mcphersongloria@barnes.com,962-340-7872,,,,068-57-4865
Mary Pearson,ncisneros@hotmail.com,+1 392-462-1133,,,,
Katherine Moore,richardselizabeth@evans.com,,,,,
Peggy Smith,stuartglenn@hotmail.com,,7725741663755224,,,
Brittany Sanders,lambertjoyce@caldwell.net,+1 663-990-6572,2191177388532532,,,
Christopher Palmer,ccole@gmail.com,,,,,
Alicia Garcia,andrewlopez@hotmail.com,+1 660-292-1557,,,,
Mary George,xbuchanan@smith.org,+1 905-571-3051,,,,
Michael Moss,michaelthomas@velasquez-rhodes.com,104-685-7153,,,,361-59-8077
Emily Durham,opowell@hernandez.biz,,,,,
Shawn Baker,robin34@kim.net,533-894-2585,,,,
Laura Cooper,xdavidson@arnold.info,+1 241-475-1727,,,,
Tiffany Silva,leemackenzie@perez-orozco.com,756-250-7626,,,,
Heather Rich,martinmatthew@brennan-dunlap.com,436-739-1762,,,,
William Johnston,debra17@vargas.com,330-226-3655,,,,
Brittany Weaver,cannonyvette@gillespie.com,,,,,
Susan Gill,rmckinney@wiggins-mcdowell.biz,533-681-7031,,,,
Jason Stewart,campbelljames@yahoo.com,+1 925-249-9168,,,,
Rachael Warren,epearson@hotmail.com,+1 233-205-5047,,,,
Michael Hart,johnsonrachel@ray-andrews.net,+1 347-330-8099,,,,
Jonathan Dalton,laurenrobles@hotmail.com,+1 346-759-7289,,,,
Mary Preston,pamelawhite@williams.info,117-974-8872,,,,
Richard White,caldwellnicholas@yahoo.com,+1 960-540-5586,,,,
Erica Oconnor,stefanie81@thomas.com,+1 781-788-1736,,Coronary Artery Disease,,
Jocelyn Good,albertbrown@gmail.com,+1 196-663-5752,6116429922922092,,,
Michelle Murray,nicolepeterson@young-butler.info,299-947-8727,,,sk_live_e97e67c7c40547b1af6ee1f15e4c5f9a,
Tracey Soto,gregory84@jefferson.net,552-240-8984,,,,
Emma Brooks,ferrellbrendan@hotmail.com,,,Psoriasis,,327-48-2925
Christopher Fox,tyleranthony@black-beasley.com,441-411-2620,,,,
Douglas Benitez,nrodriguez@maldonado-bowers.biz,,,,,
Brian Martinez,evansanthony@hotmail.com,257-256-7566,,,,
Christopher Newton,jared31@velazquez.com,+1 999-197-1952,,,,
Nichole Brewer,foxvictor@sharp.com,+1 883-204-1300,,,,
Sean Blake,walkerstephanie@yahoo.com,,,,,
Anna Patterson,angelagarcia@yahoo.com,+1 358-254-6989,8986360679645115,,,359-32-2097
Philip Reyes,matthewbailey@hotmail.com,+1 519-908-7878,,,,
Melissa Williams,ashleyschmidt@miller.com,701-969-8817,,Epilepsy,,
Antonio Weber,sarawilliams@hotmail.com,156-361-6150,,Allergies,,
Steven Ray,stevebrown@aguilar.com,974-671-9938,,Diabetes Type 2,,
Tim Mack,charlesclark@santos-mitchell.biz,848-854-1967,,,,
Briana Chase,charles90@allen.com,,,,,
Wesley Morris,torreslisa@phillips.org,,,,,
Andrew Rich,nicholascontreras@gmail.com,336-383-4060,,,,
Elizabeth Smith,adamscristian@hotmail.com,+1 659-226-9487,,,,
Kristina Villegas,juliejordan@adams-torres.com,860-529-7278,,,,
Joseph Gray,adam26@walker.com,702-248-1399,1704575450333086,,,
Megan Clark,davisjamie@gmail.com,+1 303-550-5108,,,,
Mr. Ryan Williams,davidharris@yahoo.com,754-841-1988,,,,
Arthur Ashley,qhammond@gmail.com,220-706-2771,,Asthma,,
Heather Smith,uthomas@petty.com,,,Hypertension,,
Heather Johnson,joshuasanders@hotmail.com,+1 562-448-3184,,,,
Joshua Gray,jonathan21@hotmail.com,734-514-4782,,Allergies,,
Monique Jordan,sheilafoley@gmail.com,486-870-2024,,,,
Samuel Harrison,joneschristopher@benson.com,,,,,
Crystal Whitney,xavierkemp@diaz.org,907-954-5663,,,,
Nina Brown,sheri64@yahoo.com,+1 985-849-1454,0619828075645092,Migraine,,
Dr. Jason Anderson,mgibson@hartman.com,+1 891-609-6700,1646372858820341,,,758-65-0305
Kimberly Sawyer,petersontiffany@bowen.com,+1 932-984-8925,,,,
Robin Monroe,davidcolon@brown.net,,,,,
Jessica Carter,alisontaylor@thomas.com,+1 842-102-6437,,Diabetes Type 2,,
Jonathan Johnston,linda80@gmail.com,,,,,
Mr. Christopher Allen,kaufmankristy@yahoo.com,361-147-1415,,,,
Danielle Mccullough,walltodd@gmail.com,944-780-5564,0429175055086974,,sk_live_a4a67208a60a43eb82e0900f9cd64da1,
Louis Lang,andres41@mcknight-hill.com,,,,,
Sheri Pierce,aprilstout@yahoo.com,+1 953-868-7894,,,,
Timothy Neal,olsonleslie@cooley.com,+1 296-572-4436,,,,
Erin Moss,christopher07@hotmail.com,,2941376221714018,,,
Holly Smith,william63@hotmail.com,+1 858-702-2973,8237670694163854,Arthritis,,
Erica Martinez,leonard88@curry.com,957-726-1047,,Celiac Disease,,
Linda Hudson,maria56@yahoo.com,,5014071625782520,,,
Deanna Fischer,lellis@hotmail.com,,2704573901637934,,,
Christopher Hill,weavermichelle@thompson-king.info,+1 679-983-6308,,Psoriasis,,
Marissa Bridges,thomaserica@vazquez.com,692-531-3544,,,,
Diane Murphy,davissarah@gmail.com,+1 470-446-6758,,,,
Jennifer Alvarez,chayes@hotmail.com,106-487-5893,,,,
Amanda Evans,michelle03@hotmail.com,,,,,
Zachary Wells,fuentespatrick@harris.org,658-300-7610,,,,
Kathryn Price,charlescrane@fritz-clark.com,,,,,314-82-2266
Tonya Murray,lguerra@yahoo.com,655-236-7762,,,,
Amanda Weiss MD,andrewjones@hotmail.com,,,Irritable Bowel Syndrome,,
Martha Duncan,wcortez@simmons.com,+1 570-440-2256,,,,
Andrew Taylor,reedthomas@hotmail.com,949-882-2914,1251108519738679,,,
Madison Flores,masonmendoza@gomez.com,+1 732-539-8183,0539354832623554,,,
David Boyd,wpope@gmail.com,401-632-3489,,,,
Ashley Garcia,higginsstacy@matthews-wright.com,,,,,
Joseph Pittman,franciscohobbs@gmail.com,+1 108-193-8297,,,sk_live_50857ae58eab4dd3a2742505388ee4ed,
Angela Taylor,kennethcarter@yahoo.com,+1 897-125-8959,,,,
Thomas Davidson,lmartinez@lee-meza.net,700-462-2117,3850757743499936,,,
Max Hall,bmyers@yahoo.com,+1 618-151-8198,2622409552838623,,,
Sarah Blake,xmedina@hotmail.com,,0442835597825962,Diabetes Type 2,sk_live_88b1042e80c74c768c535805f20cf8f1,
Mary Cabrera,frivera@gmail.com,351-282-6240,,,,
Melissa Wilson,alicia25@garcia.com,,,,,
Kimberly Marshall,janicehorton@robinson-washington.com,+1 524-849-9885,,,,
Anthony Chaney,zacharysmith@ruiz.com,684-775-9167,,,,
Mitchell Olson,evansjohn@martin.com,+1 425-650-1657,,,,
Michael Lee,xwebb@barker.biz,870-753-5771,,,,
Amy Mcdonald,zburns@williams.com,,,,sk_live_603ff34807c34408b8042bfe7239d7ee,
Sandra Fisher,marcia34@robinson.com,,,,,
Hannah Martin,urobinson@brennan.org,492-658-4308,4406565378556221,Psoriasis,,
Andrew Frederick,sandersamanda@mckenzie-briggs.info,,,Parkinson's Disease,,
Michelle Johnson,xflynn@yahoo.com,+1 227-934-4722,,,,
Michael Smith,adrianapetersen@yahoo.com,,,Hypothyroidism,,
Jim Hayes,jonesbriana@huffman-smith.net,,7286930084197491,,,
Angel Ryan,nalvarez@hotmail.com,959-613-7554,,,,
Marc Gutierrez,alicia43@bonilla.com,+1 361-379-4891,,,,
Adrian Sims,bennettjoshua@carrillo-martin.info,+1 643-126-7302,,Hypertension,,
Patrick Robertson,jennifer87@bradley.com,,,,,
David Morris,stevenmartinez@hotmail.com,,,,,
Sherry Clark,williamsjames@morris.com,484-115-6910,0544242323755963,Hypertension,,
Maria Maldonado,shelbysnyder@guerrero.com,803-438-8201,,,,
Ashley Ortiz,monicaarcher@gmail.com,+1 191-714-3209,,,,
Lee Jenkins,frankoliver@hotmail.com,+1 254-963-3815,,,,280-69-8931
Nicolas Melendez,jeffreyjones@hotmail.com,297-446-5453,,,,
Jacqueline Perkins,wardlinda@gmail.com,,,,,
Katherine Hamilton,sanchezamy@tanner-smith.net,,,Arthritis,,855-80-0015
Miss Jessica Shelton,tonyamitchell@mckenzie.com,945-986-6603,0130055015834968,Chronic Kidney Disease,,
Sherri Foley,lefrank@anderson.com,+1 227-926-7461,,,,
Scott Holmes,riverasharon@gmail.com,732-515-8849,,,,
Angela Hardy MD,richard92@gmail.com,+1 523-379-5786,,,,
James Willis,kaguilar@mccoy.net,+1 342-654-5018,,,,
Christopher Boyd,browndavid@gmail.com,973-503-4701,,,,
William Jackson,taylorrichard@morales.com,695-704-9388,,,,
Angela Bryant,heidi92@wilson-johnson.net,+1 544-133-6110,,,,
Jason Rivas,lisacruz@gmail.com,+1 110-894-6377,8152878097176017,,,
Kaylee Schroeder,echandler@brown-cannon.com,+1 515-678-3888,,Parkinson's Disease,,
Tony Miller,fharris@gmail.com,459-869-7569,,,,
Paul Boyer,evanhopkins@joyce-mathews.com,345-718-1196,,,,
Christine Garrett,debrasanchez@macdonald-baker.info,,5784935160840423,,,
Anthony Powell,qwagner@rice.biz,,,,,
Margaret Barnes,gsullivan@yahoo.com,830-789-9880,,,,
Bradley Gonzalez,hermankelsey@hotmail.com,660-504-3212,,,,
Richard Moore,igomez@yahoo.com,790-229-7180,,,,
Oscar Carpenter,christinecarlson@yahoo.com,+1 291-905-7213,,,,
Brittany Stafford,robynmoreno@hotmail.com,,,,,
James Duncan,perezdanielle@hotmail.com,,,,,665-79-1132
Sherri Hill,ramirezjoshua@yahoo.com,167-742-9300,0830093391522856,,,
Melanie Austin,christinaparsons@yahoo.com,,,,,
Jason Brady,jessica68@collins.info,537-294-2818,8721213499790218,,,
Devin Bowen,martingreg@yahoo.com,+1 456-505-8772,,,,411-93-6501
Belinda Rodgers,colemanantonio@cochran.com,,5549735104335254,,,
Tony Cook,heather54@young.com,+1 465-440-3548,,,sk_live_406ba3d775e841d98fbae5ad9e055478,
Dennis Henry,klopez@stokes.com,+1 908-281-7911,,,,
William Newman,jennifer86@hotmail.com,,9792698966413150,,,
James Morris,yesenia57@gmail.com,325-711-8818,,,,
Daniel Chapman,georgegarcia@strong-campbell.com,+1 545-985-1390,1101240899133558,Anxiety Disorder,,767-26-6637
Luis Galloway,sarah43@gmail.com,,9859220056105681,,,862-22-9599
Tyler Howard,carol99@alvarez.com,577-789-8471,0479156993319955,,,
Amber Arellano,justin21@yahoo.com,+1 619-723-8640,,COPD,,
Stacie Walsh,guzmanelizabeth@gmail.com,+1 152-666-6070,,,,
Chris Murphy,trevor85@gmail.com,666-962-5919,,Anxiety Disorder,,
David Stanley,manderson@curtis.org,163-690-2799,5714014478632914,,,
Susan Gonzales,travis27@alvarez.com,736-266-6993,6173088311533644,,,
Emily Smith,cheyennesmith@massey.com,197-827-8979,,Diabetes Type 2,,
Jimmy Clark,freemandavid@gmail.com,+1 455-929-9256,,,,
Chris Carpenter,christopher06@hansen.com,,,,,
Jennifer Flores,amoses@yates.info,+1 238-956-7923,,Hypertension,,
Michael Wright,qwest@cruz.com,,,,,
Kim Morales,pmarshall@johnson.info,,,,,
Stephanie Dunn,franklinerin@yahoo.com,,,Parkinson's Disease,,422-25-1407
Robert Fowler,hhughes@johnson-richards.com,+1 206-575-5900,,,,
Joel Ballard,shelbysmith@yahoo.com,+1 962-856-8990,,,,
Shannon Chaney,michael67@yahoo.com,+1 517-127-2666,4222379069281731,,,469-24-0526
Katelyn Henson,mario42@moore.com,+1 435-934-2834,,,,
Mary Moore,hilljulie@fowler.org,,,,,436-89-8600
Alexandria Rivers,michael29@gmail.com,294-523-9826,,,,
John Erickson,johnfreeman@gmail.com,,,,,
Tiffany Smith,kevinmartinez@riley.org,729-459-6595,1260051095558141,,,
Vanessa West,joshua72@gmail.com,+1 340-576-1587,,,,
Meghan Murphy,kevin29@hotmail.com,930-382-3223,,,,
Amy Tyler,wgreen@lopez.com,156-738-6482,,,,
Roy Schmidt,spierce@yahoo.com,+1 661-723-2975,2478851328983202,Allergies,,
Andrew Mcintyre DVM,kathryndelgado@hotmail.com,515-865-5889,,Anemia,,080-13-7206
Susan Torres,williamfreeman@munoz.com,158-135-7396,,,,
Jennifer Bishop,fitzgeraldvincent@gmail.com,859-860-2006,5219349815348394,,,
Kyle Moore,ejohnson@grant.org,+1 287-816-9032,,,,
Ricky Smith,jamie11@yahoo.com,+1 532-610-4004,,,,
Joseph Wu,carlos03@mills.com,+1 511-632-3076,9174385240447614,Gout,,059-19-2037
Kimberly Moore,robertnorris@butler.com,,,,,
Mallory Hanson,gabriela63@oneal.info,850-104-9830,,,,
Jennifer Nelson,michael54@willis-patterson.biz,+1 958-313-8191,0951764577720577,COPD,,
Scott Zamora,andreamccarthy@yahoo.com,+1 937-663-5684,,,,
Lee Anderson,wendy00@gmail.com,896-263-7602,,,,
Mrs. Jenna Anderson,qbarber@hotmail.com,+1 745-608-3418,5235341665637704,,,709-12-7559
Virginia Mills,brian13@taylor.com,323-317-5810,,,,
Julie Shaw,morrisgrant@hotmail.com,,,Parkinson's Disease,,
Alexis Ramos,longlaura@hotmail.com,,,,,
Jaime Bailey,davidboyer@hotmail.com,+1 334-792-4681,,,,
Richard Fisher,reidlauren@marsh.com,,,,,422-72-1070
Peter Wilson,shafferdana@johnson-mora.biz,605-188-4237,,,,
Kayla Gonzalez,ooneal@mendez.info,650-868-9532,9214643362994878,,,
Angela Rodriguez,paulathompson@king.org,,,,,
Sarah Monroe,crichardson@gmail.com,690-995-7976,,,,
Tabitha Mcpherson,carriespears@ross.com,,9065029777029912,,,
Michelle Johnson,jocelyn54@hotmail.com,372-153-1281,2881686524820213,,,
Carolyn Price,kingjoyce@gray-henderson.com,,0410412627591706,,,
Marcus Lee,mcconnellbenjamin@walter-rose.com,491-122-7344,,,,
Jordan Pratt,emendoza@gmail.com,,,,,
David Davis,ojensen@yahoo.com,+1 822-915-8381,3595408348728601,,,
Eric Moreno,wmckee@hotmail.com,+1 950-145-4082,,,,
Gabrielle Francis,nicolesanchez@hotmail.com,979-105-9356,,,,
Emily Williams,nicholaspalmer@baker.org,741-543-1201,,,,
Shawna Ramos,joramos@yahoo.com,+1 401-544-7331,,Chronic Kidney Disease,,
John Welch,dawnwilliams@carroll.net,+1 927-200-7877,,Hypertension,,
Danielle Landry,vglass@hotmail.com,+1 943-479-9317,,Anxiety Disorder,,
Aaron Barton,brandimarshall@gmail.com,945-662-6617,,COPD,sk_live_986bc7b35de74695ae19c0fae5fc12d8,
Mark White,deborah55@yahoo.com,,,Migraine,,
Rebecca Crawford,jared90@gmail.com,357-546-3985,,,,
Jessica Taylor,markhuffman@rhodes.com,610-175-1588,,,,640-33-9768
Dr. Melinda Brandt,wshields@charles.com,,,,,
Brittany Sanchez,karenjackson@baker.com,+1 678-954-6260,,Coronary Artery Disease,,891-85-7796
Amanda Ayala,goodwinjennifer@hines.com,+1 993-360-9201,,,,
Brian Francis,srussell@yahoo.com,,,,,
Karla Fowler,christinegordon@rodriguez-ferguson.com,389-554-2784,,,sk_live_fa7aeafdfb4b4f8b8bcfbbff84164554,
Barry Anderson,goodmanelizabeth@yahoo.com,921-226-1758,,Psoriasis,,
Suzanne Rogers,donald37@rodgers.com,572-532-9879,,,,
Johnny Stevens,hensonbrandon@carter.biz,+1 999-869-3619,,,,167-48-4583
Jared Bennett,robin50@tucker.com,+1 323-159-2542,6909323151487865,,,
Nicholas Conrad,elizabeth74@harris.org,+1 114-720-7587,,,,
Gregory Knight,michael72@gmail.com,,,,,859-80-1217
Erica Wagner,sean20@hooper-anderson.com,567-393-9566,,,,577-07-6275
Stacy White,saraobrien@meyer.com,+1 317-834-2547,,,,
Helen Byrd,robertgonzales@porter.com,,,Depression,,
Teresa Nichols,jenniferbenton@jones-hunt.info,,,,,
Terry Benton,schultzdaniel@gmail.com,,,,,425-57-1178
Christopher Ross,rsparks@yahoo.com,+1 425-245-9403,,,,378-84-5442
Jason Davis,davissean@yahoo.com,+1 414-325-1774,,,,
Brandon Meyer,vargasdylan@wilson.biz,922-588-6584,,,,
Michelle Glass,earlcosta@mcneil.com,336-647-1340,,Psoriasis,,
Dana Jones,alexandra15@gmail.com,342-586-8691,,,,
Jason Calhoun,tiffany41@walsh.com,+1 718-218-1479,,,,
Andrew Smith,jtran@smith.com,+1 309-581-2686,4909974112357422,Allergies,,
John Wright,brownlinda@gmail.com,183-519-5444,,Irritable Bowel Syndrome,,
Kaitlyn Barrera,wrichard@yahoo.com,+1 237-115-4902,,Hypertension,,
Robert Davis,schaeferdebbie@hughes.net,,,,,
Tammy Stephens,cgoodwin@hotmail.com,,,,,
Joseph Richards,joseph03@yahoo.com,,,,,
Brett Martinez PhD,david84@gmail.com,911-138-7757,,,,565-20-9805
Ellen Sanchez,myerslauren@yahoo.com,+1 384-495-3572,,,,
Reginald Carter,ariana25@smith.biz,+1 836-469-1133,,,,
Veronica Diaz,gallegosjonathan@yahoo.com,+1 553-120-2701,,,,
Amy Houston,patrickberger@gmail.com,222-330-1860,,,,
Lucas Obrien,lukegray@thomas.com,,,,,
Anthony Bryant,timothymason@yahoo.com,+1 476-301-6330,3816818758782729,,,
Roger Park,scottfrancis@gmail.com,,,,,145-83-9094
Debra Miller,nelsoncalvin@gmail.com,+1 237-569-3950,,,,275-81-0887
Karen Martinez,wilsonkelsey@yahoo.com,+1 130-555-6807,,,,
Jessica Hale,tracy91@travis-bentley.com,+1 290-375-8662,,,,
Lucas King,coltonmills@moore.com,129-191-2750,9065944985507035,,,
Becky Mullen,edavis@nguyen.com,109-337-5845,,Asthma,,467-67-7843
Cheryl Parker,andrewthomas@hotmail.com,+1 748-658-4785,,COPD,,
Jessica Wang,joshuafoster@moses.com,382-449-5626,,,,
Jessica Mendoza,david64@yahoo.com,+1 667-455-8798,7649942097673576,,,
Jacob Mitchell,dharrell@hicks-kirby.com,958-404-1993,,,,
Cheryl Carter,vware@monroe-brown.com,,8893846140607214,,,
Blake Reyes,ddoyle@pennington-lee.com,,,,,
Matthew Monroe,cabreraheather@gmail.com,442-946-7739,,,,
Janet Brooks,carolking@collins.net,724-450-6368,,Parkinson's Disease,,390-10-6979
Rebecca Monroe,qfloyd@gmail.com,,,,,
Theodore Anderson,jesus45@farley.com,,4900196923122654,,,
Diane Scott,melissasmith@hernandez.com,297-203-7625,,,,
Austin Butler,brownjenna@hotmail.com,,,,,
Robin Coleman,thomassanchez@barnes-gay.com,+1 355-614-9241,9874075485129805,,,
Ray Alvarado,hdavis@hotmail.com,+1 552-968-9072,7852984110300748,,,
Patricia Hughes,elizabeth57@hotmail.com,468-720-7622,6056329915815153,Parkinson's Disease,,
Ashley Barnes,jennifer58@gmail.com,,,,,
Mrs. Mary Valdez DDS,emitchell@wright.biz,,9221973993060842,,,
Robert Myers,ryan09@hotmail.com,517-348-6858,,,,
Deanna Anderson,xwarren@anderson.com,,,,,
James Duran,courtney08@rodriguez.com,,,,,
Melissa Ramirez,josephdowns@ramirez.net,,,,,
Joseph Tran,pateljasmine@yahoo.com,280-389-3026,,,,
Rachel Warren,karenpatton@hotmail.com,+1 345-879-6694,,,,582-65-3523
Savannah Lynch,taylorschneider@hotmail.com,676-378-9749,,,,
Charles Hogan,hernandezjoshua@thompson.info,767-672-1823,,,,
Karen Peterson,goodwincarl@johnson.com,281-373-3152,,Epilepsy,,276-70-7839
Kathleen Shaw,ryan42@hotmail.com,+1 982-143-8009,1140793147035359,,,
Cassandra Rodriguez,julie66@gmail.com,153-621-2081,,Coronary Artery Disease,,
Elizabeth Bernard,linda10@gmail.com,737-543-3821,,,,
Michelle Hunter DDS,jason37@webster.com,+1 859-337-1274,,Gout,,
Benjamin Mcdonald,pwhitehead@hughes.org,,,,,
Thomas Taylor,brownthomas@bautista-collins.net,657-823-8351,,,,
Shawn Davis,jcannon@kim-brooks.org,+1 587-516-7447,,,,
Craig Hill,linda23@davis-cortez.com,+1 758-387-7917,,,,
Janice Reese,pstout@morales.com,,,COPD,,
Matthew Phillips,heather38@yahoo.com,,,,,798-47-6848
Mr. Tom Mccarty,haynesalex@chen.net,545-935-5995,,,sk_live_e2e39a13c5bd40e39da52e758f6b266b,
Monica Hayes,wallstephanie@contreras.org,,1168059475628027,,,
Barbara Bradley,hking@smith-peterson.com,+1 215-240-8091,,,,
Briana Baker,markwood@yahoo.com,,,,,
Miranda Adams,william85@murphy-lambert.com,,,Diabetes Type 2,,
Mrs. Nicole Fletcher,njones@jones-stone.com,732-216-2630,,,,
Eduardo Mclaughlin,austinwhitney@butler.com,+1 651-945-7705,,,,
Christopher Murphy,charlesparrish@roberson.org,450-921-3599,,,,
Matthew Baker,serranocharles@yahoo.com,,,,,
Jared Mullins,eric61@yahoo.com,,,Chronic Kidney Disease,,
Ernest Grant,barbara48@yahoo.com,,,,,
Andre Robinson,jthomas@green-stewart.com,959-358-1485,,Epilepsy,,
Anna Nicholson,mparker@jones.info,470-756-9548,,,,
Mrs. Joyce Buchanan DDS,vhoward@hotmail.com,+1 603-906-9355,,,,
Walter Rhodes,mcdanielclaudia@yahoo.com,,,,,
Kenneth Wilson,michael05@yahoo.com,+1 208-265-2408,,,,
Patrick Hudson,kyoung@gmail.com,,,,,
Janice Morgan,richardskristin@gmail.com,994-419-5608,4602541953125194,Asthma,sk_live_27ad033808174c45968ae9217b8cd3a1,
Joe Olson,darlene84@yahoo.com,980-511-5642,,,,
Carolyn Livingston,mwest@collins-compton.com,,,,,
Amanda Sosa,vchavez@yahoo.com,,,,,
Sharon Jones,kturner@yahoo.com,,,,,
James Rodriguez,ofisher@stevens.info,+1 191-518-7923,9840454818480018,Gout,,
Hannah Ryan,emilymorton@johnson-bell.com,+1 632-876-4890,,,,
Rachel Carlson,hthompson@yahoo.com,,,,,
Martin Hurley,lisakoch@howe.biz,930-404-8671,,,,
William Lindsey,arnoldhannah@gmail.com,330-656-3879,,,,
Janet Peterson,sandrawood@greene-chavez.com,+1 777-132-4081,,,,
Alexander Marshall,diazellen@hotmail.com,,,,,
Craig Howard DDS,sandraflores@hotmail.com,+1 278-119-9332,,Arthritis,,
Julia Reeves,whall@merritt.com,+1 638-679-7371,,,,
Elizabeth Clark,tara06@massey-may.com,+1 152-668-4488,,,,151-26-1241
Jessica Gross,jasonlewis@gmail.com,+1 534-461-6740,,,,
Jason Wong,madison09@hines.org,+1 192-415-8586,,,,
Andrea Bell,zkaiser@hotmail.com,+1 689-368-8312,,Allergies,,
Ashley Logan,andrewjohnson@horton.info,+1 616-785-6406,,,,
Daniel Ellis,elizabethwilliams@gmail.com,221-822-6939,,,,
Andrew Mendez,cynthiathomas@ellis.net,,0055176829325455,,,
Jennifer Wilkerson,steve43@stone-ingram.biz,+1 236-140-6511,0354625984282243,,,
Becky Wilcox,patrickmegan@yahoo.com,+1 635-769-7400,,,,
Heather Cooke,briggsnancy@hotmail.com,+1 306-363-9218,,,,
Joseph York,nataliegutierrez@oconnor.org,+1 485-178-1838,,,,
Daniel Meyer,carpenterwilliam@white.com,+1 512-205-4335,,,,
Robert Green,morganmegan@yahoo.com,+1 763-712-7952,,,,
Bridget Martinez,allenbrandon@yahoo.com,759-772-4615,,,,
Marisa Anderson,rdean@snyder-gutierrez.com,+1 632-468-5273,5050395985236126,Coronary Artery Disease,,
Bernard Padilla,matthewcunningham@lam-mitchell.org,,5026067838066483,,,
Wesley Norton,patricia96@hotmail.com,,,,,
Jennifer Powell,iphillips@wilson.com,814-929-5833,,,,
James Harris MD,jonesmeredith@floyd-johnson.net,,,Allergies,,
Nancy Hays,martinjustin@hotmail.com,+1 747-535-3760,,,,
Wendy Williams,andrew41@lewis-whitaker.com,+1 660-795-2717,,,,
Michael Ward,craigandrew@gmail.com,139-371-2808,,,,
Paige Parker,robert29@hotmail.com,+1 320-130-7167,5443691101018282,,,
Claudia Walker,anthonysmith@gardner-chavez.com,557-895-9987,,,,
Claudia Taylor,david56@lawson-booth.com,,,,,
Larry Mason,gabriela26@gmail.com,,7972688116444381,,,
Tim Collins,rogerkirk@carter.info,482-337-2753,,,,
Richard Brown,mark05@mendoza.org,,,,,
Karen Higgins,rachelsanders@davis.biz,994-781-6110,,,,
Diana Curtis,vroth@holmes.info,,0140500199713303,,sk_live_45b0f7c160644a4cb03813155332867b,
Timothy Cunningham,lsmith@robinson.com,,,,,
Michael Peters,imoore@nichols.biz,520-750-4797,,,,
Tyler Ashley,dadams@jones.com,358-591-3898,,,,
Cody York,zphillips@brown-doyle.com,266-670-1655,3741875017069460,Migraine,,
Gail Jordan,jeremy30@cabrera.info,197-548-6671,,,,
Laurie Stewart MD,pfields@rice.com,,5912919648051435,,,
Kyle Gonzales,hatfieldbryan@gmail.com,,,,,
Michael Wolf,jorgejordan@yahoo.com,+1 515-323-2608,,,,
Laura Anderson,bhall@gray.net,+1 329-735-8185,,Coronary Artery Disease,,
Denise Ayers,jennifernelson@dodson.org,+1 516-528-4366,,,,615-49-1921
Alexander Kirby,kenneth94@zhang-jacobs.com,932-488-8543,,,,
Brian Williams,charmon@porter.com,173-280-3920,,,,
Johnny Williams,johnwilson@saunders.net,+1 327-825-6854,2478757674770129,,,
Justin Hernandez,patrick31@whitaker-richardson.com,331-937-9981,8157581990696013,,,
Vincent Turner,elizabethvilla@gmail.com,487-733-1869,,Hypertension,,
Jennifer Haynes,brownconnie@sanford-morris.biz,974-406-9085,,,,
Erin Turner,grice@harmon.net,+1 758-617-3404,,,,
Bryan Hahn,aliciacarroll@salinas-flores.com,+1 364-549-3283,0093944978316366,,,
Michelle Wilson,joshua68@gmail.com,489-794-4181,,,,
Nicholas Wright,sean78@jones.com,+1 823-631-2479,1650883163291692,,,
Kaitlin Williams,smithyvonne@hall.net,+1 244-793-2237,,Psoriasis,,
Ronald Hernandez,qwilliams@mora-baker.biz,326-907-6924,,,,
David Bonilla,barrycindy@green.net,+1 464-243-2444,,,,
Troy Orr,gloveremily@gmail.com,326-963-5245,,,,
Kirsten Padilla,murphystephen@blackwell.com,909-752-1237,,,,
Natasha Mitchell,johnsonbarbara@lewis-ferrell.com,268-270-1237,1968068065008998,,,
Margaret Stephenson,guerracheryl@yahoo.com,,,Allergies,,
Katelyn Tran,lcarson@yahoo.com,973-345-5707,,,,
Samuel Murray MD,matthew51@harper-lam.info,+1 486-247-1465,,,,
Robin Sharp,tracy30@gray-wells.com,,,,,
Andrea Ortega,loriyoung@nguyen.com,+1 917-829-4199,,,,
Adam Gray,benjaminautumn@gmail.com,+1 299-231-4073,,,,
Michele Snyder,dustinanderson@nunez-rodriguez.info,+1 641-679-1620,,,,
Eduardo Williamson,lozanolee@leblanc.com,391-128-3916,8879220346452309,,,
Gary Silva,deanna87@jackson-williams.com,+1 676-165-3074,,,,
William Harrington,kathysmith@anderson.com,822-936-8351,,,sk_live_d7127be090804720b10fd4fa3c5e2a0c,
Lynn Flores,edward72@gregory.com,,4253079148639034,,,
Patricia Estes,william09@stephens-carr.com,+1 134-973-5673,5593547554101759,,,
Matthew Goodman,david33@clark.net,,,,,
Joshua Hoffman,whitneycarter@bird.biz,488-280-2048,4680392948641545,,,
Daniel Bailey,abigail09@yahoo.com,+1 985-174-5405,,,,
Diane Jones,chad07@gmail.com,+1 437-908-8339,,,,
Kari Robinson,lee48@chase-richard.com,,,,,
Renee Matthews,williamrobertson@gmail.com,,0671306868904303,,,
Megan Mcclain,gailmiller@lee-king.com,+1 551-852-6734,,,,
Amanda Perez,isaac83@yahoo.com,366-354-8569,,,,
Gregory Barrett,melissa57@rodriguez-lawrence.com,+1 981-856-9953,,,,
Kathryn Anderson,scottscott@lopez.org,+1 602-796-1466,,,,
Maria Walker,daviscorey@murray.org,300-897-5044,,Epilepsy,,695-42-0617
Cindy Singleton,dfernandez@sherman.com,,2088134128608176,Diabetes Type 2,sk_live_5ad3c174ec21468a8e62fc001f37743e,
Brandon Mayer,pcoleman@howell-simpson.info,645-441-1536,,,,
Vincent Summers,carlsonjimmy@gmail.com,+1 839-918-8250,6707969670930270,,,
Paul Wall,cuevasrobert@elliott-mueller.com,,,Parkinson's Disease,,
Connie Nelson,nconley@jimenez.net,721-286-3704,8506141035909879,,,
Dr. Lori Kaufman MD,tyler49@gmail.com,,,,,
Adam Martin,paulsmith@yahoo.com,313-743-4685,,,,
Brittany Lewis,uburgess@hotmail.com,+1 131-904-1514,,,,
Haley Hammond,kenneth04@hotmail.com,,,,,
Lisa Brooks,cfranco@warner.com,,7240278527692329,,,
Diane Welch,zwarren@yahoo.com,397-216-7457,,,,
Joshua Jackson,rguerrero@yahoo.com,858-462-7435,,Arthritis,,
Deborah Rich,fburke@owens.org,429-979-3401,,,,
Jerry Wood,kevin97@yahoo.com,,,Migraine,,
Tyler Morgan,johnmueller@gmail.com,,,,,
Karen Jenkins,mckaykristina@hotmail.com,460-229-8486,,,,
Matthew Ball,hspencer@yahoo.com,+1 162-795-4560,,,,
Melissa Keller,carolyn52@yahoo.com,363-353-3665,,,,
Michael Martin,ann88@yahoo.com,+1 949-850-3941,,,,
Mark Roberts,bethany86@gmail.com,,1643302056708240,,,
Paul Gutierrez,brandy55@yahoo.com,+1 936-574-6535,,,,
Vanessa Jackson,alexander92@leonard.com,,,,sk_live_653864879a6d4f758b06de2bae0951d1,
Charles Reid,jefferyhubbard@yahoo.com,+1 517-394-3006,,,,
Gregory Villa,tracy60@yahoo.com,459-283-5584,,,,
Robert Jones,charles83@banks.biz,+1 239-679-2382,,Coronary Artery Disease,,
John Perry,jacquelinebaker@hernandez.com,+1 806-243-6871,,,,
Matthew Hunter,tracyanderson@castillo.com,+1 704-869-9132,,,,
Heather Wilson,jerrythomas@watkins-johnson.com,+1 941-751-2213,5465640940747032,,,
James Haley,douglas48@gmail.com,+1 885-121-9907,1260500448236103,,,
Cheryl Martinez,wadesamantha@figueroa.com,815-442-5518,3773677197656836,,,
Stephen Gutierrez,apowell@galvan.com,+1 171-482-2247,,,,
Samuel Weiss,kara25@cobb.com,949-741-1136,6172100711467640,,,
Eric Duran,tracywoodard@simpson.info,898-850-4976,,,,
Melanie Mendoza,janepena@yahoo.com,,,,,
Manuel Byrd,susanbailey@stevenson.com,172-392-3355,4906817722492399,,,
Shannon Holland,murphyjennifer@hotmail.com,512-314-4910,4276412825721143,Arthritis,,
Nicole Mills,sday@davis-chung.biz,838-814-6488,,,,741-17-1276
Stephanie Carter,arnoldanthony@yahoo.com,,,,,
Chelsea Cowan,sean42@morris.com,+1 688-723-2262,,,,
Victor Sweeney,ydennis@gallegos.com,+1 554-585-2129,,,,
Nicole Harris,hbrown@gmail.com,,,,,144-03-1665
Edward Harper,dianevargas@bullock.com,501-624-4253,,,,
Michael Gibbs,frank77@yahoo.com,+1 786-609-9516,,,,
Katherine Wolf,iharris@marks.com,507-795-2068,,COPD,,188-06-7573
Miguel Valdez,michele31@gmail.com,431-928-5169,,,,
Kimberly Serrano,ericmorgan@yahoo.com,187-627-4682,2899235709241840,,,
Robert Ballard,tyler56@hotmail.com,,,,,
Ryan Giles,mcintoshanna@gmail.com,,2852806965656344,,,703-83-2162
Amanda Wallace,cpatel@neal.com,+1 478-540-2333,,,,
Andrew Welch,nrussell@hotmail.com,,6250816758242109,,,
Natalie Gardner,juanbennett@bryan.com,,,,sk_live_a1982af0348f4aceb36b7a6c8afb1db0,
Justin Summers,amandagarcia@yahoo.com,,,,,
Shannon Bennett,wcoleman@james.org,+1 943-803-7481,,,,417-64-6057
Julie Erickson,leeleah@simon.com,+1 896-251-5619,,,,
Jason Sullivan,ldavenport@english-malone.info,,9141141513064436,,,853-58-2941
Eric Proctor,zfritz@hotmail.com,922-419-6929,,,,
Michael Saunders,beth85@johnson-wood.com,+1 704-929-1522,,,,
Lisa Smith,powersbonnie@yahoo.com,132-683-7106,7296050734904127,,,
Mrs. Megan Anderson,stafforddonald@small.com,,,,,
Jessica Russell,daniel60@gmail.com,+1 957-470-3568,,,,
Brian Long,christinelopez@yahoo.com,+1 997-959-4748,,,,
Jenna Hall,christopher22@carter-ramirez.com,715-632-1005,,,,
Pamela Green,nortonmia@gmail.com,+1 880-562-7163,6226834524655745,,,
Hannah Thomas,gonzalezeric@yahoo.com,,,COPD,,
Paul Navarro,nelsonmarissa@hotmail.com,187-867-4282,,,,
Martin Johnson,michelegrant@williams-gilmore.com,+1 989-214-8950,,,,
Holly Bennett,rhondale@hotmail.com,,,,,
Stephanie Foster,jonathan33@hotmail.com,,,,,
Heather Foster,allisonmoore@yahoo.com,,,,,
Laura Sims,gomezmark@johnson.org,861-399-9251,5522551077957305,,,
Tammy Mcknight,gregoryaguilar@yahoo.com,312-671-1160,,,,
Donald Smith,emoore@hotmail.com,410-997-2642,,,,
Amanda Ball,whall@thompson.org,571-117-1393,,,,
Alec Turner,dawnalvarez@contreras-carlson.com,+1 733-804-5055,,,,344-88-5622
Emily Andrews,reynoldsconnie@yahoo.com,,9508535922766370,,,
Susan Little,clarkmichael@walker.com,514-944-7948,,Anemia,,
Christy Curry,robertanichols@hotmail.com,+1 709-170-4869,,,,
Mary Ward,crossbrandy@simmons.org,966-872-5782,,,,
Christina Jensen,kblack@yahoo.com,+1 972-123-9040,,,sk_live_f1ccdb3e412e4421bbcc62b7aae7eef5,
Amber Davis,michelle36@wilson.org,,,,,
Brianna Garza,cheyenne76@henry.com,,,Asthma,,
John Robinson,mmarshall@smith.biz,+1 331-804-3897,,,,
Rebecca Greene,sonia07@yahoo.com,236-888-5413,,Epilepsy,,
Shelly Simmons,ssmith@hernandez.com,,,,,
Crystal Downs,ricerebecca@yahoo.com,501-737-4341,,,,
Pamela Molina,michelle35@morales-greene.net,703-954-3350,,Irritable Bowel Syndrome,,722-44-9264
Daniel Adams,zmills@dudley-hurley.info,,,,sk_live_046105e99c5349398608e074e87b653f,
Lori Norris,tammy94@lawson-rasmussen.biz,431-504-6860,,,,
Nathaniel Jenkins,stonebrooke@young.net,,8657768454517170,,,
Carly Miranda,daviscynthia@lawrence.com,862-635-1306,,Coronary Artery Disease,,
Michael Davis,johngreen@hotmail.com,+1 425-828-1364,0790346832900103,,,
Desiree Adams,fgoodwin@hotmail.com,598-340-1690,,,,
Ryan Adams,marywashington@yahoo.com,,,,,
Justin King,andrea27@kim.com,+1 613-864-4286,,,,
Jeremy Robinson,robert25@higgins-nelson.com,610-155-1531,,,,
Joyce Wilson,pamelatate@hotmail.com,676-645-4692,5421147025133247,,,
Cassie Mayo,tgriffin@hotmail.com,527-782-3067,,,,
Ana Walsh,deanashley@yahoo.com,,,,,
Marissa Galloway,xking@hotmail.com,,6266738933406085,,,
Johnny Bailey,charlesjohnston@yahoo.com,348-599-1512,,,,
Shawn Morales,jeremy52@gmail.com,296-282-1096,,,,
Lauren Barber,claudiabenitez@allen-taylor.com,+1 566-509-9461,,,,857-49-2294
Robin Stanton,btaylor@yahoo.com,292-993-5198,,,sk_live_34e37026d8f147089de4544b22eceda4,
Bruce Allen,thomas38@yahoo.com,,,,,
Yolanda Cannon,cathy08@maxwell-weeks.com,,,,,
Melissa West,stephanie34@lopez.com,299-301-4639,,,,
Todd Peterson,nicholasbrown@johnson.com,+1 821-461-5620,,,,
Mary Simmons,chardy@harper.com,+1 103-102-5143,,,,
Cheryl Greer,terrellchristopher@gmail.com,+1 588-103-1569,,,,
Michael Ruiz,gilbertthompson@gmail.com,,,,,
Connie Pratt,kentdavid@cook.com,,,,sk_live_381bc4c4b3cc4187a0547c81d3f3814c,
Mark Henderson,savageangela@yahoo.com,,1413474547141331,,,
Mark Hughes,ithomas@smith.net,,,Migraine,,130-73-8679
Melissa Moore,lorimcdowell@peters.info,605-155-3024,,Asthma,,
Logan Rogers,fisherjamie@gmail.com,+1 960-702-9088,,,sk_live_f9de505fdeec42de9f07f74517c200f8,678-12-9309
Sarah Soto,ygonzalez@hotmail.com,887-132-7502,,Celiac Disease,,
Joseph Smith,craigleslie@davis.biz,844-478-2524,,,,
Steven Jones,jlamb@long.net,,,,,
Christina Lawrence,boothjonathan@yahoo.com,+1 850-420-4874,,,,
Maurice Clark,dking@stewart.com,+1 990-118-4073,,,,
Jamie Jones,burtonelizabeth@maldonado.org,790-870-1653,,,,
Christopher Mendez,tommyjohnson@hotmail.com,332-850-3353,,,,
Marcus Zimmerman,johngeorge@gmail.com,+1 538-811-4739,,,,
Roberto Newman,heathlaurie@smith.com,672-299-3849,,,,
Craig Taylor,ubrown@gmail.com,+1 191-682-7174,,Coronary Artery Disease,,
George Fuller,jeanette58@mccarthy.com,961-650-5807,5893783332352280,,,
Elizabeth Stewart,rachel37@gmail.com,+1 859-295-2575,,,,
Denise Frank,lrodriguez@gmail.com,,0144076910070995,,,
Sarah Hodge,lancemurray@yahoo.com,,,,,
Stefanie Lopez,choward@smith.biz,+1 431-867-5769,5576610297963110,,,
April Smith PhD,annzhang@yahoo.com,,,,,
Angela Hunt,thomasdaniel@howard.biz,+1 865-135-8726,,,,
Susan Hendricks,pamela51@gmail.com,,1954375363906739,,,424-95-4271
Jennifer Gonzalez,christina03@hotmail.com,674-717-7744,,Asthma,,
William Davis,ttorres@hotmail.com,840-912-2330,,Irritable Bowel Syndrome,,
Melissa Jones,jennifer50@hotmail.com,512-396-5040,,,,
Linda Clark,billy71@yahoo.com,,,,,
Kimberly Richardson,yolson@hotmail.com,,8629159642893593,,,
Brenda Lucas,robinpalmer@nelson-barrett.com,,8209836208755552,,,
Brandon Petty,julieburns@perkins-pratt.com,+1 719-817-7673,,,,
Terri Tran,deborah33@gmail.com,727-929-3969,,,,
Steven West,mwoods@yahoo.com,+1 454-762-5670,,Multiple Sclerosis,sk_live_c1e61b5ddbb9469b9c109ec73708f3c8,424-62-0462
Timothy Gardner,joshuareyes@yahoo.com,,,,,449-02-8792
Benjamin Salinas,ashleyshepard@gmail.com,542-737-3660,,,,
Michael Obrien,hamiltonrobert@yahoo.com,,8162863758174718,,,
Rachel Adkins,bonnieclark@cooper.com,+1 384-473-1925,,,,
Joel Johnson,kirkchristopher@yahoo.com,+1 467-526-3313,,,,
Michael Smith,erik72@hotmail.com,,,,,
John Drake,floydcarlos@hotmail.com,709-288-4587,,,,
Benjamin Oneal,cordovatroy@hotmail.com,+1 235-351-2427,1023895044949409,,,603-14-4020
Glenn Rivera,padillaellen@charles.org,800-258-9092,,,,
Emily Rogers,jamie10@hotmail.com,,,,sk_live_248b3f2b0f84498ab67505ac9c7c60ca,
Franklin King,roger19@smith.com,+1 478-623-7208,4847638534866246,,,303-64-6627
Deborah Franco,bbailey@fitzgerald.com,,,,sk_live_15260809569e415898f005983c18654b,
Marcus Matthews,jenniferbuchanan@smith.com,985-632-4757,,Irritable Bowel Syndrome,,
Mary Sullivan,zwallace@murillo.com,471-259-6128,,,,
Abigail Meyers,deborah29@gmail.com,+1 373-482-2273,3451875730474142,,,
Willie Powers,fjones@gmail.com,622-322-1124,,,,
Donald Watson,misty76@garcia.com,,,Irritable Bowel Syndrome,,
Michael Turner,underwooddennis@yahoo.com,+1 953-450-2853,,,,
Shawn Nelson,pauldean@white-romero.biz,568-646-1649,,,,
Lisa Walker,kellymiller@martinez-walker.com,+1 512-196-9461,,,,
Ashley Wolfe,campbellmartha@yahoo.com,,,,sk_live_d09cfa3cf9cf4d348ea079e7e7e89933,
Sara Harper,garykim@downs.com,603-859-4502,,,,
Rachel Anthony,lisamaldonado@roman.com,,,,,
Heather Meza,ashleywyatt@yahoo.com,,7031635261358332,,,
Charlene Perry,jacksonsarah@hotmail.com,,6374807984585294,,,
John Soto,harriskylie@martinez.com,+1 621-537-6729,,Hypertension,,
Denise Duran,xhernandez@gmail.com,122-578-7218,,Diabetes Type 2,,
Deborah Richard,stacycampbell@garza.biz,,,,,
Zachary Phillips,pamelataylor@walton.net,417-362-8808,,,,083-70-9566
Michael Jimenez,brockmarc@garrett-burgess.com,,5953270791816401,,,
Angela Clay,jonesjeffrey@brock.org,,,,,
Jamie Robertson,thomasgomez@doyle.com,+1 263-158-9774,,,,
James Miller,mary76@hotmail.com,,,,,
William Kennedy,aparker@mitchell-grant.com,,,,,
Mr. Christopher Morales,stevengross@gmail.com,689-635-8207,4073057614674661,,,
Samantha Owen,youngsydney@porter.com,,,,,
Scott Johnson,ssmith@nguyen.com,658-484-1993,,Coronary Artery Disease,,
Melissa Flores,justinmills@yahoo.com,771-874-1015,0540708881978669,Irritable Bowel Syndrome,,150-77-4140
David Gibson,robin88@hotmail.com,+1 756-708-6555,,,,
Mark Hernandez,ncruz@hotmail.com,+1 213-804-4308,8576902850953249,,,
Stacey Brown,cindy16@wallace.com,917-138-8006,8302311141350525,,,
David Dixon,woodamanda@wilson-english.com,963-685-1770,,,,
Joshua Smith,angela73@nichols-fuentes.com,271-307-1052,,,,
Barbara Garcia,johnsonbrandon@hotmail.com,,,Gout,,
Tony Henry,rodriguezmatthew@yahoo.com,191-198-2947,,,,027-69-4780
Jennifer Carter,brooksbenjamin@gray.com,,,Gout,,
Christina Stevenson,xrogers@brock-le.com,537-311-6164,5692284196750593,,,
Travis Lutz,powellchelsea@weaver.info,+1 125-725-4585,,Depression,,
Sabrina Ryan PhD,collinsjose@klein.com,811-690-3910,,,,411-14-6748
Scott Dunn,bgonzalez@hotmail.com,+1 157-327-9538,,,,
Mary Martinez,lowerybonnie@hotmail.com,938-928-7029,,,,
Kevin Herrera,jonathanschultz@gmail.com,,,,,
Victoria Clay,hfinley@hotmail.com,480-869-6992,,,,
Tanner Watts,whutchinson@yahoo.com,421-993-1230,,,sk_live_f67fca94ff37427ab3e65360d6805c1f,
Brenda Bailey,nortonbrittany@gonzalez-rivera.com,417-331-9308,,,,
Erik Garcia,tnelson@hotmail.com,+1 704-487-3344,,,,701-68-1920
Ronald Owen,gregory58@hotmail.com,,7478025047735423,,,
Christopher White,benjamin68@johnson.biz,141-733-7858,,,,
Robert Valenzuela,sdyer@gmail.com,404-495-7419,,,,
Robin Warner,jerryespinoza@douglas.info,+1 118-634-6887,,,,
Kristen Rocha,eschmitt@hotmail.com,,,,,
Timothy Green,kevin31@yahoo.com,,,,,
Eric Copeland,andrew64@gmail.com,+1 274-774-3006,5710323962333493,,,
Joseph Webster,xrodriguez@thomas-lopez.com,,,,,
Karen Serrano,justinjohnson@yahoo.com,+1 435-506-3640,,,,
Kathleen Cox,phubbard@gomez.info,614-382-3907,,,,105-04-6473
Daniel Harper,ronaldclark@hotmail.com,,,,sk_live_10fb416d217a4f2d9f816511041d2a65,
Ryan Jones,cheryl04@robertson-gallagher.com,923-464-5510,3796730512029930,,,315-39-2315
April Osborn,brownmaxwell@owen.com,,,,,
Dennis Cox,margaretflores@yahoo.com,+1 922-162-7855,,,,
Mary Cherry,javery@gmail.com,317-213-1184,,,,
Katelyn Reed,angela90@gibbs-smith.com,,,,,
Rachel Dawson,thomasjohnson@prince-brown.com,656-797-8552,9454757870574468,,,
James Hodges,jamescastillo@yahoo.com,,9659700644337088,,sk_live_fefbc94f89a64974a6a3190e949cb094,
Allison Watkins,alexandra76@yahoo.com,+1 314-146-7758,,Psoriasis,,
Brandi Miller,kpowers@castro-rhodes.com,647-455-5443,,,,
Tina Martinez,whitneyshepherd@hotmail.com,513-371-8935,,,,
Erica Crawford,burnettelizabeth@harris.com,,,,,
Curtis Saunders,wagnercameron@hunt.com,+1 464-793-3344,6396413997312674,,,
Ashley Garcia,pthomas@johnson.com,925-408-9083,6684170947308877,,,
Kyle Fernandez,todddelacruz@gmail.com,789-123-7494,,,,
John King,ykeith@hotmail.com,503-357-1446,,,,
Jenna Burns,egarcia@yahoo.com,+1 950-345-1052,1804460621381506,,,
Madeline Oliver,johnsteele@hall.org,,,,,
Shane Nelson,copelandgina@yahoo.com,,,,,
John Russell,nicholas28@mitchell.com,615-924-8253,9811223647326000,,,
Andrew Phillips,pottermelissa@crosby.com,,,,,
Ronald Jones,nicholas62@yahoo.com,+1 729-382-8467,,,,
Sarah Ramirez,bautistavictoria@smith-larsen.net,,,,,
Mark Meza,charlene23@hotmail.com,366-657-3065,,,,
Rachel Vasquez,george30@anderson-cervantes.biz,+1 328-819-3601,,,,
Michael Horton,shane37@bowers-campbell.biz,,,,,
Amber Harris,erin90@hicks-johnson.com,+1 176-292-3219,,,,591-53-5627
David Freeman,christineramirez@yahoo.com,563-452-8888,,,,
Daniel Mckee,joel48@perry-padilla.net,896-859-9685,3774555327120633,,,748-10-5434
Krista Lopez,andrew00@gmail.com,+1 726-359-2557,,,,
Eric Collins,smithlinda@hotmail.com,+1 505-102-1137,,,sk_live_c1f6423871f54a10b2a9d509cb52d5af,339-42-6968
Gavin Williams,kim17@phillips.net,,,,,
Charles Carr,jorge12@hotmail.com,+1 650-373-9293,,,,
Charles Moody,daniel89@gmail.com,+1 497-798-7296,,,,
Tammy Campbell,wrightjennifer@smith-mora.com,+1 455-933-5437,,Celiac Disease,,
Tara Mccormick,greenveronica@rojas.com,595-662-7855,,,,
Donna Cowan,chapmananna@lawson-nunez.info,+1 435-674-6883,,,,
Ryan Acosta,gevans@hotmail.com,+1 673-940-5377,,,,
Kelly Davis,david14@hayes.info,876-124-7036,,,,088-60-5931
Richard Davidson,huntsarah@rodriguez-taylor.info,+1 454-181-6528,,,,
Joseph Crane,harryhernandez@smith-jones.com,592-810-5437,,Allergies,,
Brian Hernandez,samantha64@yahoo.com,,,,,
Alicia Brown,matthew97@christensen.com,,,,,
Eric Jackson,rachel83@blankenship.com,458-632-8821,,,,
Cody Ochoa,kelly66@yahoo.com,+1 500-125-4271,,,,791-48-4048
John Martinez,srodriguez@gmail.com,,,Allergies,,155-01-3281
Briana Cunningham,anthonydyer@hernandez-hampton.com,+1 759-215-9402,,,,
Michael Jones,ubaker@berry.com,+1 202-786-6100,2878128031462885,,,
Jessica Joseph,shaunpatel@walker-williamson.com,+1 681-925-4247,6238898169300767,,sk_live_d6ca1318be544f8fb8f500501b16ee3e,
Jeffrey Young,freyes@lopez.com,,,,,
Caitlin Wheeler,ybenson@yahoo.com,,,,,
Donald Rivera,brownlindsey@gmail.com,+1 946-774-5658,,,sk_live_ea8206fb77ea4d1fbb2bf4033be193dd,
Jamie Moore,benjamin33@mitchell.com,,,,,
Theresa Garcia,patrick59@mata.org,+1 909-964-7797,3686955722312536,Hypertension,,
Sara Bates,shane95@gmail.com,+1 610-722-6876,,,,
Theresa Espinoza,davidnelson@johnson-medina.biz,378-635-9297,,,,
Paul Weber,matthewmueller@pierce-burnett.com,543-800-6087,,,,
Caitlin Wong,ujohnson@franklin-davis.com,,,Gout,,
Cindy Meyer,thomasjackson@foley.com,530-951-9231,1671738171006798,Gout,,551-76-3230
Amber Lee,zwolfe@hotmail.com,+1 150-651-9020,,,,
Justin Carpenter,srangel@yahoo.com,+1 720-568-3538,,,,
David Osborn MD,natalievega@callahan-lynch.com,,,Depression,,
Megan Sims,ksnow@yahoo.com,554-753-2509,,,sk_live_3e0eee5bdcad464683fd0edea8da95b8,
Melissa Lucas,tjohnson@gmail.com,+1 960-933-5567,,,,
Michael Ballard,jenkinsmelissa@gmail.com,478-611-6005,,,,536-51-9528
Destiny Barr,brockalexis@hotmail.com,+1 376-629-9747,,,,
Leah Blackwell,eric29@hotmail.com,,7754009311045020,,,
Jennifer Edwards,jessicapearson@ortega.biz,317-386-5323,1890359014685803,,,
Michelle Nelson,destinyrodriguez@collier-vance.biz,,,,,
Kevin Burke,cassandrahopkins@sullivan.org,,,,,
Alejandra Price,pluna@ryan.com,,,Anxiety Disorder,,
Jennifer Hayes,millsebony@foster.com,199-128-9670,7587556714405810,,,
Samantha Austin,garycompton@lewis.net,,,,,
Maria Edwards,fordjerry@gmail.com,851-448-4055,,,,
Michael Andrews,brianmoreno@martinez.com,,,,,
Brenda Pittman,blackrebecca@grant.com,113-249-4792,,,,
Andrea Smith,jbaker@yahoo.com,+1 309-719-9642,4850697537273463,,,
Nancy Carney,obennett@rogers.org,297-237-5823,,Hypertension,,
Douglas Lee,frankbullock@hotmail.com,599-748-2226,,,,
Aaron Tucker,dominicsanders@marshall.com,+1 322-144-1741,,,,
Teresa Tate,kellyavery@gmail.com,,,,,289-62-0858
Ronald Harrell,montgomerybrenda@white-mckinney.info,281-321-6417,,,,
Emily Stewart,kriley@curry.com,,,,sk_live_ae7b59c909c24006838fb736cda58a7b,
Nathan Martinez,christopher61@hotmail.com,+1 893-673-4844,,,,
Justin Smith,jamesroger@yahoo.com,256-453-2333,,,,
Patrick Davis,moniquecole@harvey.biz,346-450-3164,,,,
Victoria Lane,chelseawilliams@hotmail.com,+1 382-617-2654,,,,
Alexis Thomas,mlutz@yahoo.com,,,,,
Nicole Mccullough,todd35@yahoo.com,940-551-5059,5373124399625020,,,
Corey Nelson,matthewhernandez@hotmail.com,+1 465-815-4333,,,,
Tracy Bryan,jonesjames@gonzalez-washington.com,+1 129-189-1229,,,,
Megan Moore,glennpaul@hotmail.com,626-109-2399,,,,
Christopher Contreras,jeremy16@green.com,,,,,519-74-1143
Dawn Perez,bradleydawn@yahoo.com,104-134-7027,,,,
Gina Cummings,victoriagarcia@smith.com,,,,,
Donna Patterson,robert71@mcgee-rivera.com,+1 549-818-9166,,Gout,,
Donald Cooper,karen42@hill-goodman.com,+1 468-283-9523,,,,
Eric Jordan,tonya81@hotmail.com,+1 862-217-4751,,,,834-10-0597
Carl Kim,lindseyneal@gmail.com,913-323-5060,,Allergies,,
Brent Martin,lauren74@reese.com,647-187-8171,,,,
Robin Stanton,john54@lewis.com,+1 854-431-9994,,,,
Krystal Johnson,jermaineporter@wilkinson.com,765-217-4877,,,,
Dr. Taylor Schultz,turnernicole@johnson-sanchez.com,+1 575-369-7425,1446231277344330,,,
Johnny Sparks,bjenkins@yahoo.com,+1 140-416-3813,5708669800576497,,,
Catherine Hernandez,johncaldwell@francis-leonard.net,+1 874-766-8110,8932245191241093,,,461-14-4378
Stephanie Smith,maria34@gmail.com,,,,,
Christopher Berry,jeremiahpatton@haynes.org,+1 825-646-2705,,,,
Stephanie Quinn,carloswashington@turner.org,,9664175041788118,,,
Brandon Rodriguez,allenannette@gmail.com,+1 545-858-7180,,,,
Jason Maddox,josephgreen@yahoo.com,,,,sk_live_2ce476e9af654e58ae9a73f175f0b29a,
Daniel Reyes,luis97@hotmail.com,,,,,
Andrew Freeman,jlamb@hotmail.com,,,,,
Daniel Smith,zacharywilliams@yahoo.com,680-886-3777,,,,
Lisa Lee,ijennings@wright.com,,,,,
Gary Smith,jeffreyweaver@ortiz-richards.org,913-180-8987,,Migraine,,
Curtis Campbell,wilsonheather@davis.biz,+1 718-140-2877,,,,
Brenda Wheeler,elijah87@hotmail.com,,,,,
Hector Brown,uyoung@taylor.info,987-139-4249,,,,
William Patel,ibowman@gmail.com,,,,,
Miranda Campos,kaylaburgess@novak.com,,3115984434663212,,,
Antonio Flores,jeremyellis@hotmail.com,929-563-8315,,,,
Eric Harvey,hatfieldcheryl@perez.com,+1 654-518-2901,2227377028019858,,,
Jeffrey Vega,ekelley@hotmail.com,,,Allergies,,
Alexis Jones,williamsjohn@campbell-smith.com,105-383-8751,,,,
Daniel Allen,mistymoreno@carr.info,233-763-4462,,,,
